data,par_moeda,moeda_base,moeda_cotada,bid,ask,high,low,fonte,confiabilidade,retorno_pct,media_movel_3,media_movel_7,media_movel_14,volatilidade_7,range_pct,target_regressao_prox_dia,variacao_futura_pct,classe_recomendacao
2025-11-06,USD-BRL,USD,BRL,5.05,5.05583276,5.10029052,5.02025426,awesomeapi,market_api,0.0,5.04657323,5.0410961442857145,5.008880897142857,0.0,0.01584876435643564,5.06585748,0.31400950495049906,COMPRAR_AGORA
2025-11-07,USD-BRL,USD,BRL,5.06585748,5.07202222,5.09308205,5.05301753,awesomeapi,market_api,0.003140095049505076,5.04657323,5.0410961442857145,5.008880897142857,0.0,0.007908734139911019,5.02386221,-0.8289864088320175,AGUARDAR_QUEDA
2025-11-08,USD-BRL,USD,BRL,5.02386221,5.03084254,5.04307216,4.9881884,awesomeapi,market_api,-0.00828986408832022,5.04657323,5.0410961442857145,5.008880897142857,0.0,0.010924614908974596,5.05867172,0.6928834539034968,COMPRAR_AGORA
2025-11-09,USD-BRL,USD,BRL,5.05867172,5.06158678,5.10850518,5.02957403,awesomeapi,market_api,0.006928834539035034,5.049463803333333,5.0410961442857145,5.008880897142857,0.0,0.015603137418057212,5.10189706,0.854480037301162,COMPRAR_AGORA
2025-11-10,USD-BRL,USD,BRL,5.10189706,5.11131074,5.13151097,5.08923085,awesomeapi,market_api,0.00854480037301153,5.061476996666667,5.0410961442857145,5.008880897142857,0.0,0.008287137020361605,5.02009427,-1.6033798612157681,AGUARDAR_QUEDA
2025-11-11,USD-BRL,USD,BRL,5.02009427,5.0287957,5.056166,4.97865812,awesomeapi,market_api,-0.0160337986121577,5.060221016666667,5.0410961442857145,5.008880897142857,0.0,0.015439526795977826,4.96729027,-1.0518527573387595,AGUARDAR_QUEDA
2025-11-12,USD-BRL,USD,BRL,4.96729027,4.97296419,5.00257539,4.92333059,awesomeapi,market_api,-0.01051852757338756,5.0297605333333335,5.0410961442857145,5.008880897142857,0.009395949928749567,0.015953325795876966,4.97541996,0.16366448421786378,MONITORAR
2025-11-13,USD-BRL,USD,BRL,4.97541996,4.98261739,4.99920938,4.93909821,awesomeapi,market_api,0.001636644842178736,4.9876015,5.030441852857143,5.008880897142857,0.009483211785696645,0.01208162737683753,4.9647822,-0.21380627335023653,MONITORAR
2025-11-14,USD-BRL,USD,BRL,4.9647822,4.97226801,5.01286461,4.94012065,awesomeapi,market_api,-0.002138062733502366,4.969164143333333,5.016002527142858,5.008880897142857,0.009204292336421494,0.014651994200269325,4.96680381,0.04071900676730383,MONITORAR
2025-11-15,USD-BRL,USD,BRL,4.96680381,4.97245416,5.00900666,4.93677403,awesomeapi,market_api,0.00040719006767298005,4.96900199,5.007851327142857,5.008880897142857,0.008928668790246608,0.014543080975852002,4.93352189,-0.670087268858729,AGUARDAR_QUEDA
2025-11-16,USD-BRL,USD,BRL,4.93352189,4.9414395,4.96153283,4.91514964,awesomeapi,market_api,-0.006700872688587323,4.955035966666666,4.98997278,5.008880897142857,0.008217579563335258,0.009401638633451009,4.97311282,0.8024881794940234,COMPRAR_AGORA
2025-11-17,USD-BRL,USD,BRL,4.97311282,4.98115835,4.98827704,4.95526597,awesomeapi,market_api,0.008024881794940208,4.95781284,4.971575031428571,5.008880897142857,0.008091495500209246,0.006637908930447248,5.00872643,0.7161231061715669,COMPRAR_AGORA
2025-11-18,USD-BRL,USD,BRL,5.00872643,5.01594019,5.04868685,4.96285901,awesomeapi,market_api,0.007161231061715734,4.971787046666667,4.969951054285715,5.008880897142857,0.006806763551706774,0.01713566137011007,5.01429244,0.11112625290656769,MONITORAR
2025-11-19,USD-BRL,USD,BRL,5.01429244,5.01884983,5.02876265,4.96591267,awesomeapi,market_api,0.001111262529065682,4.998710563333334,4.97666565,5.008880897142857,0.005104495521000598,0.012534167233373448,5.06509499,1.013154908850913,COMPRAR_AGORA
2025-11-20,USD-BRL,USD,BRL,5.06509499,5.06880079,5.0832348,5.04315991,awesomeapi,market_api,0.010131549088509217,5.0293712866666676,4.989476368571429,5.009959110714286,0.006095527762726449,0.00791197205168301,5.08800862,0.45238302628554816,COMPRAR_AGORA
2025-11-21,USD-BRL,USD,BRL,5.08800862,5.09459294,5.13411923,5.04687528,awesomeapi,market_api,0.004523830262855411,5.055798683333333,5.007080142857142,5.0115413349999995,0.005747906410292742,0.017146973701471346,5.05364428,-0.6753986199024908,AGUARDAR_QUEDA
2025-11-22,USD-BRL,USD,BRL,5.05364428,5.06153927,5.07083397,5.02907618,awesomeapi,market_api,-0.006753986199024897,5.068915963333334,5.019485924285713,5.013668625714286,0.0069138596820198794,0.008262906466380757,5.07226383,0.3684380808852554,COMPRAR_AGORA
2025-11-23,USD-BRL,USD,BRL,5.07226383,5.07843986,5.08839063,5.05102405,awesomeapi,market_api,0.003684380808852472,5.071305576666667,5.039306201428571,5.014639490714286,0.005599911247724326,0.007366844717144866,5.03371208,-0.7600501727056237,AGUARDAR_QUEDA
2025-11-24,USD-BRL,USD,BRL,5.03371208,5.03855703,5.04890488,5.00148667,awesomeapi,market_api,-0.007600501727056286,5.05320673,5.047963238571429,5.009769135,0.006722169676146068,0.00942012758107532,5.07406648,0.8016827215910214,COMPRAR_AGORA
2025-11-25,USD-BRL,USD,BRL,5.07406648,5.08196956,5.08705332,5.04438835,awesomeapi,market_api,0.008016827215910238,5.06001413,5.0572975314285715,5.013624292857143,0.006843617664799842,0.00840843732894877,5.07470394,0.012563099094438542,MONITORAR
2025-11-26,USD-BRL,USD,BRL,5.07470394,5.08319552,5.11521997,5.03146449,awesomeapi,market_api,0.0001256309909443143,5.060827499999999,5.065927745714286,5.021296697857143,0.006871990913899089,0.01650450567959631,5.06952099,-0.10213305172636375,MONITORAR
2025-11-27,USD-BRL,USD,BRL,5.06952099,5.0754643,5.11293868,5.04961793,awesomeapi,market_api,-0.0010213305172636078,5.072763803333333,5.066560031428572,5.0280182,0.005811143232774845,0.012490479894432773,5.04296734,-0.5237901184821866,AGUARDAR_QUEDA
2025-11-28,USD-BRL,USD,BRL,5.04296734,5.04821816,5.06016812,5.01402133,awesomeapi,market_api,-0.005237901184821814,5.0623974233333335,5.060125562857143,5.033602852857142,0.005754603212281804,0.009150721567036738,5.09814548,1.0941601695957177,COMPRAR_AGORA
2025-11-29,USD-BRL,USD,BRL,5.09814548,5.10369272,5.11816802,5.05728769,awesomeapi,market_api,0.010941601695957148,5.070211270000001,5.066482877142858,5.0429844007142846,0.0067390293098172575,0.01194166197077605,5.09425304,-0.0763501162387473,MONITORAR
2025-11-30,USD-BRL,USD,BRL,5.09425304,5.09919839,5.11555942,5.07873023,awesomeapi,market_api,-0.0007635011623874366,5.078455286666666,5.069624192857143,5.054465197142858,0.006683194419356179,0.00722955646506335,5.07850779,-0.30907867898136754,AGUARDAR_QUEDA
2025-12-01,USD-BRL,USD,BRL,5.07850779,5.08438989,5.10097367,5.05334794,awesomeapi,market_api,-0.003090786789813671,5.090302103333333,5.076023579999999,5.061993409285714,0.005931873964354505,0.009377898384596165,5.06610031,-0.2443134974495995,MONITORAR
2025-12-02,USD-BRL,USD,BRL,5.06610031,5.07042674,5.10716229,5.01827619,awesomeapi,market_api,-0.0024431349744959974,5.079620380000001,5.074885555714286,5.066091543571429,0.00522814578462854,0.017545270437015852,5.09180889,0.5074629088818785,COMPRAR_AGORA
2025-12-03,USD-BRL,USD,BRL,5.09180889,5.09815785,5.12818471,5.04630146,awesomeapi,market_api,0.005074629088818838,5.078805663333333,5.07732912,5.0716284328571435,0.005602740829587376,0.01608136750002819,5.11042594,0.3656274302942187,COMPRAR_AGORA
2025-12-04,USD-BRL,USD,BRL,5.11042594,5.12063782,5.14572943,5.06382787,awesomeapi,market_api,0.0036562743029422418,5.0894450466666665,5.083172684285714,5.074866357857142,0.005670393315823699,0.016026366678938777,5.13116521,0.4058227287410798,COMPRAR_AGORA
2025-12-05,USD-BRL,USD,BRL,5.13116521,5.14072412,5.17391608,5.10198196,awesomeapi,market_api,0.004058227287410787,5.111133346666667,5.0957723800000005,5.0779489714285715,0.004966482347489228,0.014019061374170777,5.15277757,0.4211978978552471,COMPRAR_AGORA
2025-12-06,USD-BRL,USD,BRL,5.15277757,5.15598121,5.16373466,5.12280074,awesomeapi,market_api,0.004211978978552411,5.1314562399999994,5.103576964285714,5.085029920714286,0.003489699037101952,0.007944049484752068,5.24941278,1.8754003775094163,COMPRAR_AGORA
2025-12-07,USD-BRL,USD,BRL,5.24941278,5.25592978,5.27701891,5.21505359,awesomeapi,market_api,0.018754003775094175,5.177785186666667,5.125742641428571,5.097683417142858,0.007189000397914945,0.011804238416168076,5.23416571,-0.2904528685206582,MONITORAR
2025-12-08,USD-BRL,USD,BRL,5.23416571,5.24111796,5.27966582,5.21914755,awesomeapi,market_api,-0.002904528685206631,5.212118686666667,5.147979487142857,5.112001533571429,0.007157286020907355,0.011562161641993602,5.21425462,-0.3804061832043126,AGUARDAR_QUEDA
2025-12-09,USD-BRL,USD,BRL,5.21425462,5.21862295,5.25776257,5.16845941,awesomeapi,market_api,-0.003804061832043071,5.2326110366666665,5.169144388571428,5.122014972142857,0.007387166425346015,0.017126735556308535,4.92200235,-5.604871478255516,AGUARDAR_QUEDA
2025-12-10,USD-BRL,USD,BRL,4.92200235,4.93180814,4.96621815,4.87711766,awesomeapi,market_api,-0.05604871478255513,5.123474226666667,5.1448863114285714,5.111107715714285,0.023863038562849444,0.018102488309458195,5.21103178,5.872192035828676,COMPRAR_AGORA
2025-12-11,USD-BRL,USD,BRL,5.21103178,5.21609441,5.23819842,5.18943372,awesomeapi,market_api,0.05872192035828672,5.115762916666667,5.159258574285714,5.121215629285714,0.03396825516695367,0.009357974017191573,5.26390429,1.014626512218282,COMPRAR_AGORA
2025-12-12,USD-BRL,USD,BRL,5.26390429,5.27132349,5.31396635,5.23886323,awesomeapi,market_api,0.010146265122182863,5.132312806666667,5.1782213,5.136996840000001,0.034069167604656496,0.014267569443212752,5.26170106,-0.04185543426740594,MONITORAR
2025-12-13,USD-BRL,USD,BRL,5.26170106,5.26872808,5.28469679,5.24403017,awesomeapi,market_api,-0.0004185543426740157,5.24554571,5.193781798571428,5.148679381428572,0.03411277706646229,0.007728797120222496,5.22701946,-0.6591328470492748,AGUARDAR_QUEDA
2025-12-14,USD-BRL,USD,BRL,5.22701946,5.23116332,5.23989655,5.17686961,awesomeapi,market_api,-0.006591328470492708,5.2508749366666665,5.190582752857142,5.158162697142856,0.033563575418792436,0.012057911871634835,5.19326289,-0.6458091510529871,AGUARDAR_QUEDA
2025-12-15,USD-BRL,USD,BRL,5.19326289,5.19899791,5.23830389,5.15456978,awesomeapi,market_api,-0.006458091510529895,5.227327803333334,5.184739492857142,5.16635949,0.03363935070490823,0.016123603170799614,5.22483813,0.6080038825071005,COMPRAR_AGORA
2025-12-16,USD-BRL,USD,BRL,5.22483813,5.22895469,5.2426219,5.1804484,awesomeapi,market_api,0.006080038825071021,5.21504016,5.186251422857143,5.177697905714285,0.033691614093685825,0.011899603098325884,5.26072054,0.6867659649390926,COMPRAR_AGORA
2025-12-17,USD-BRL,USD,BRL,5.26072054,5.26543977,5.30967829,5.24430476,awesomeapi,market_api,0.006867659649390845,5.226273853333333,5.234639735714286,5.1897630235714285,0.022558523463394018,0.012426725484262192,5.28790169,0.5166811236850011,COMPRAR_AGORA
2025-12-18,USD-BRL,USD,BRL,5.28790169,5.29592113,5.33293236,5.26737379,awesomeapi,market_api,0.005166811236849922,5.25782012,5.245621151428572,5.202439862857142,0.006681329804583021,0.012397842063512401,5.26089727,-0.510683094791044,AGUARDAR_QUEDA
2025-12-19,USD-BRL,USD,BRL,5.26089727,5.26570736,5.31201294,5.23923931,awesomeapi,market_api,-0.0051068309479104235,5.269839833333333,5.245191577142857,5.211706438571428,0.006085567066635589,0.013832931202627243,5.27417246,0.25233699345738947,MONITORAR
2025-12-20,USD-BRL,USD,BRL,5.27417246,5.28021105,5.3029701,5.25294773,awesomeapi,market_api,0.002523369934573916,5.274323806666667,5.246973205714285,5.220377502142857,0.006158293211060288,0.00948440165341119,5.28230434,0.15418305073777672,MONITORAR
2025-12-21,USD-BRL,USD,BRL,5.28230434,5.29109244,5.32548609,5.2557526,awesomeapi,market_api,0.0015418305073777727,5.272458023333333,5.254871045714286,5.222726899285713,0.005342636982485108,0.013201338944434989,5.29502863,0.24088521185056172,MONITORAR
2025-12-22,USD-BRL,USD,BRL,5.29502863,5.30430917,5.31464459,5.28425618,awesomeapi,market_api,0.002408852118505722,5.2838351433333335,5.2694090085714285,5.227074250714286,0.004025642679664848,0.0057390454563038835,5.33716194,0.7957144888940788,COMPRAR_AGORA
2025-12-23,USD-BRL,USD,BRL,5.33716194,5.34440314,5.3902807,5.32483761,awesomeapi,market_api,0.007957144888940837,5.304831636666666,5.285455267142857,5.235853345000001,0.00433267336598817,0.012261777089716637,5.35024099,0.24505627048670703,MONITORAR
2025-12-24,USD-BRL,USD,BRL,5.35024099,5.35458537,5.38315202,5.30487348,awesomeapi,market_api,0.0024505627048669876,5.327477186666666,5.298243902857143,5.266441819285715,0.003992514966221845,0.014630843759432126,5.38405861,0.6320765749282755,COMPRAR_AGORA
2025-12-25,USD-BRL,USD,BRL,5.38405861,5.38746975,5.41185046,5.34111209,awesomeapi,market_api,0.006320765749282753,5.357153846666666,5.311980605714285,5.278800878571429,0.004145705650053326,0.01313848438956721,5.39011256,0.11244212662833708,MONITORAR
2025-12-26,USD-BRL,USD,BRL,5.39011256,5.39581161,5.40903558,5.37090238,awesomeapi,market_api,0.0011244212662833153,5.374804053333334,5.330439932857144,5.287815755000001,0.002599426619228226,0.007074657453906652,5.4063234,0.3007514188163705,COMPRAR_AGORA
2025-12-27,USD-BRL,USD,BRL,5.4063234,5.41235185,5.43787112,5.35823678,awesomeapi,market_api,0.0030075141881638068,5.39349819,5.349318638571428,5.298145922142857,0.002576214964351586,0.014729851344075949,5.43830694,0.5915950200093578,COMPRAR_AGORA
2025-12-28,USD-BRL,USD,BRL,5.43830694,5.44626524,5.4792205,5.38466404,awesomeapi,market_api,0.0059159502000936115,5.4115809666666665,5.371604724285715,5.313237885,0.00253973844130643,0.01738711349749608,5.3739401,-1.183582330128647,AGUARDAR_QUEDA
2025-12-29,USD-BRL,USD,BRL,5.3739401,5.3799469,5.4020288,5.32349613,awesomeapi,market_api,-0.011835823301286519,5.406190146666667,5.382877791428571,5.3261434,0.006617900239831779,0.014613610970468467,5.36229366,-0.21672068879220854,MONITORAR
2025-12-30,USD-BRL,USD,BRL,5.36229366,5.3669525,5.40432612,5.31919914,awesomeapi,market_api,-0.0021672068879220463,5.391513566666667,5.3864680371428575,5.335961652142857,0.006228096373292956,0.01587510595232863,5.34380358,-0.34481662460834733,AGUARDAR_QUEDA
2025-12-31,USD-BRL,USD,BRL,5.34380358,5.34725932,5.37450828,5.32454184,awesomeapi,market_api,-0.0034481662460834617,5.3600124466666665,5.385548407142857,5.341896155000001,0.006347781052693352,0.009350351159426316,5.31772335,-0.48804619424280377,AGUARDAR_QUEDA
2026-01-01,USD-BRL,USD,BRL,5.31772335,5.32186087,5.34809087,5.29477505,awesomeapi,market_api,-0.004880461942428083,5.34127353,5.376071941428572,5.344026273571429,0.00583444259289871,0.010026061246679917,5.30821149,-0.1788709072276189,MONITORAR
2026-01-02,USD-BRL,USD,BRL,5.30821149,5.31720408,5.35736998,5.26350698,awesomeapi,market_api,-0.00178870907227624,5.323246139999999,5.364371788571428,5.347405860714287,0.005697120333383001,0.017682603674858445,5.37858245,1.3257000052196486,COMPRAR_AGORA
2026-01-03,USD-BRL,USD,BRL,5.37858245,5.38341805,5.40113525,5.35686467,awesomeapi,market_api,0.013257000052196544,5.334839096666666,5.360408795714285,5.354863717142857,0.008071983958628865,0.008230901062044714,5.34195665,-0.6809563735515384,AGUARDAR_QUEDA
2026-01-04,USD-BRL,USD,BRL,5.34195665,5.34570968,5.3929744,5.31409096,awesomeapi,market_api,-0.006809563735515334,5.342916863333333,5.346644468571428,5.359124596428572,0.007758769437535179,0.014766769026476514,5.38886098,0.8780365149537367,COMPRAR_AGORA
2026-01-05,USD-BRL,USD,BRL,5.38886098,5.39337165,5.43613945,5.3608736,awesomeapi,market_api,0.008780365149537284,5.369800026666667,5.348776022857143,5.365826907142858,0.007545202760928886,0.013966931097190799,5.31474047,-1.3754392676873122,AGUARDAR_QUEDA
2026-01-06,USD-BRL,USD,BRL,5.31474047,5.3176778,5.33225537,5.27693139,awesomeapi,market_api,-0.013754392676873173,5.348519366666667,5.341982709999999,5.364225373571428,0.009279283823026516,0.010409535576061857,5.30253505,-0.22965222984820385,MONITORAR
2026-01-07,USD-BRL,USD,BRL,5.30253505,5.31141339,5.32208802,5.2530138,awesomeapi,market_api,-0.0022965222984819844,5.335378833333333,5.336087205714286,5.360817806428571,0.009243642433932404,0.013026640908295377,5.31278698,0.19334016471989013,MONITORAR
2026-01-08,USD-BRL,USD,BRL,5.31278698,5.32222512,5.35947068,5.29248528,awesomeapi,market_api,0.0019334016471987958,5.310020833333334,5.335382009999999,5.355726975714285,0.009133656850295824,0.012608335371278161,5.34218204,0.5532888879350418,COMPRAR_AGORA
2026-01-09,USD-BRL,USD,BRL,5.34218204,5.34525809,5.38993788,5.31842855,awesomeapi,market_api,0.005532888879350439,5.319168023333334,5.340234945714286,5.352303367142857,0.009324847734997659,0.013385790574819048,5.37741601,0.6595426688230221,COMPRAR_AGORA
2026-01-10,USD-BRL,USD,BRL,5.37741601,5.38509697,5.4208641,5.36114209,awesomeapi,market_api,0.00659542668823021,5.344128343333334,5.340068311428572,5.350238553571429,0.008121707631796017,0.011106079553625565,5.41663593,0.7293450967354087,COMPRAR_AGORA
2026-01-11,USD-BRL,USD,BRL,5.41663593,5.42568852,5.4681378,5.37423992,awesomeapi,market_api,0.00729345096735412,5.37874466,5.35073678,5.348690624285714,0.007897865005910004,0.017335091598079787,5.40355929,-0.2414162622149947,MONITORAR
2026-01-12,USD-BRL,USD,BRL,5.40355929,5.40983733,5.45226387,5.36995098,awesomeapi,market_api,-0.0024141626221499957,5.3992037433333335,5.352836538571428,5.350806280714286,0.0074177407083270185,0.015233087226845392,5.38529531,-0.33799906727773715,AGUARDAR_QUEDA
2026-01-13,USD-BRL,USD,BRL,5.38529531,5.39400418,5.43141524,5.34224083,awesomeapi,market_api,-0.0033799906727773887,5.4018301766666665,5.362915801428572,5.352449255714285,0.004626666588507615,0.016558870937757365,5.42753108,0.7842795532785659,COMPRAR_AGORA
2026-01-14,USD-BRL,USD,BRL,5.42753108,5.43258836,5.44350295,5.4063273,awesomeapi,market_api,0.007842795532785551,5.405461893333334,5.380772377142857,5.358429791428571,0.004682567080504766,0.006849458704527586,5.42169058,-0.10760878038122065,MONITORAR
2026-01-15,USD-BRL,USD,BRL,5.42169058,5.42849108,5.45444961,5.38557586,awesomeapi,market_api,-0.0010760878038121868,5.411505656666667,5.396330034285714,5.365856022142857,0.004963341143965263,0.012703371574554121,5.36588331,-1.0293333633952946,AGUARDAR_QUEDA
2026-01-16,USD-BRL,USD,BRL,5.36588331,5.37174636,5.41039402,5.31595253,awesomeapi,market_api,-0.010293333633952906,5.40503499,5.399715929999999,5.369975437857143,0.00682624405721408,0.017600362241198337,5.31714531,-0.9082940717173398,AGUARDAR_QUEDA
2026-01-17,USD-BRL,USD,BRL,5.31714531,5.32177169,5.35910921,5.27767202,awesomeapi,market_api,-0.009082940717173416,5.368239733333333,5.39110583,5.365587070714286,0.007117266216194827,0.015315960962518802,5.27851442,-0.7265344042290299,AGUARDAR_QUEDA
2026-01-18,USD-BRL,USD,BRL,5.27851442,5.28529539,5.29703272,5.23437623,awesomeapi,market_api,-0.007265344042290289,5.320514346666666,5.371374185714286,5.361055482857142,0.006151273393786437,0.011870099239020394,5.3037239,0.4775866464337519,COMPRAR_AGORA
2026-01-19,USD-BRL,USD,BRL,5.3037239,5.3140181,5.34495871,5.25417184,awesomeapi,market_api,0.004775866464337586,5.299794543333333,5.357111987142857,5.354974262857143,0.006944497741933857,0.01711757092031139,5.31306173,0.17606176671452783,MONITORAR
2026-01-20,USD-BRL,USD,BRL,5.31306173,5.32356182,5.33865159,5.27530824,awesomeapi,market_api,0.0017606176671451923,5.29843335,5.3467929042857145,5.354854352857144,0.007122705518763622,0.011922193495764137,5.34716694,0.6419125493578612,COMPRAR_AGORA
2026-01-21,USD-BRL,USD,BRL,5.34716694,5.35364182,5.40006663,5.33245976,awesomeapi,market_api,0.006419125493578592,5.321317523333334,5.335312312857142,5.358042345,0.006811487956451072,0.012643493415973383,5.33068886,-0.30816468206245545,AGUARDAR_QUEDA
2026-01-22,USD-BRL,USD,BRL,5.33068886,5.33665157,5.37868805,5.30791397,awesomeapi,market_api,-0.0030816468206245062,5.330305843333334,5.322312067142858,5.359321050714286,0.0068029803692959455,0.013276723113792768,5.34080431,0.18975877725491191,MONITORAR
2026-01-23,USD-BRL,USD,BRL,5.34080431,5.34978588,5.36784087,5.28825171,awesomeapi,market_api,0.0018975877725491141,5.33955337,5.318729352857143,5.3592226414285715,0.005951245152961705,0.014902092527707736,5.37214157,0.5867516984534473,COMPRAR_AGORA
2026-01-24,USD-BRL,USD,BRL,5.37214157,5.38194732,5.39583574,5.3282966,awesomeapi,market_api,0.005867516984534582,5.347878246666667,5.326585961428571,5.358845895714286,0.005034063380836557,0.012572107253681337,5.3609705,-0.20794444551468708,MONITORAR
2026-01-25,USD-BRL,USD,BRL,5.3609705,5.3663598,5.39769799,5.32200779,awesomeapi,market_api,-0.0020794444551468505,5.357972126666667,5.338365401428571,5.354869793571429,0.0037500465962221285,0.01411874958088286,5.38473348,0.44325892112259835,COMPRAR_AGORA
2026-01-26,USD-BRL,USD,BRL,5.38473348,5.39412657,5.39655624,5.36448008,awesomeapi,market_api,0.0044325892112260235,5.372615183333333,5.3499381985714285,5.353525092857143,0.003713158693848529,0.00595687049677339,5.35739858,-0.5076370093622627,AGUARDAR_QUEDA
2026-01-27,USD-BRL,USD,BRL,5.35739858,5.36579832,5.39226552,5.32544255,awesomeapi,market_api,-0.005076370093622606,5.367700853333333,5.356272034285714,5.351532469285714,0.0046267566671283405,0.012473025667617882,5.34381244,-0.2535958412860918,MONITORAR
2026-01-28,USD-BRL,USD,BRL,5.34381244,5.34692689,5.36938903,5.29614135,awesomeapi,market_api,-0.002535958412860917,5.3619815,5.3557928200000005,5.345552566428572,0.004156327412173743,0.013707008025154361,5.32941208,-0.2694772722973746,MONITORAR
2026-01-29,USD-BRL,USD,BRL,5.32941208,5.33232375,5.35697309,5.27845658,awesomeapi,market_api,-0.002694772722973693,5.3435410333333335,5.355610422857143,5.338961245,0.0041121335643778175,0.014732677605219081,5.27817172,-0.9614636517279862,AGUARDAR_QUEDA
2026-01-30,USD-BRL,USD,BRL,5.27817172,5.28121364,5.32038467,5.25673759,awesomeapi,market_api,-0.009614636517279895,5.3171320799999995,5.34666291,5.332696131428571,0.005334542065984247,0.012058546666609772,5.30292247,0.46892657747787003,COMPRAR_AGORA
2026-01-31,USD-BRL,USD,BRL,5.30292247,5.31246727,5.34517904,5.25474202,awesomeapi,market_api,0.004689265774778795,5.30350209,5.336774467142858,5.331680214285714,0.005068992000914529,0.017054184840835422,5.28468085,-0.34399182909420134,AGUARDAR_QUEDA
2026-02-01,USD-BRL,USD,BRL,5.28468085,5.28903483,5.31771191,5.24116594,awesomeapi,market_api,-0.0034399182909420345,5.28859168,5.325875945714286,5.3321206735714295,0.005105655901641794,0.014484501935438493,5.28814865,0.06561985668444163,MONITORAR
2026-02-02,USD-BRL,USD,BRL,5.28814865,5.29274167,5.30848672,5.27642241,awesomeapi,market_api,0.0006561985668445125,5.291917323333333,5.312078112857143,5.331008155714286,0.004468174093568979,0.006063428266147546,5.31266634,0.46363465974050677,COMPRAR_AGORA
2026-02-03,USD-BRL,USD,BRL,5.31266634,5.32296108,5.35346834,5.27502885,awesomeapi,market_api,0.004636346597405083,5.29516528,5.305687792857142,5.3309799135714275,0.005033769414699587,0.01476461817476007,5.33575261,0.43455147608611716,COMPRAR_AGORA
2026-02-04,USD-BRL,USD,BRL,5.33575261,5.34437515,5.36911656,5.30475685,awesomeapi,market_api,0.004345514760861091,5.3121892,5.304536388571429,5.330164604285714,0.005385880022848836,0.012061974140139105,5.36886509,0.6205774971264977,COMPRAR_AGORA
2026-02-05,USD-BRL,USD,BRL,5.36886509,5.37516974,5.40711027,5.34947124,awesomeapi,market_api,0.006205774971264955,5.33909468,5.310172532857143,5.332891477857143,0.005738686372425589,0.010735794070772731,5.36732354,-0.028712772143801076,MONITORAR
2026-02-06,USD-BRL,USD,BRL,5.36732354,5.37715695,5.41291369,5.34157913,awesomeapi,market_api,-0.00028712772143801857,5.357313746666667,5.3229085071428575,5.334785708571428,0.0034851368683172282,0.013290527293236265,5.35096375,-0.30480349988367006,AGUARDAR_QUEDA
2026-02-07,USD-BRL,USD,BRL,5.35096375,5.35828341,5.36770273,5.2986379,awesomeapi,market_api,-0.0030480349988366573,5.362384126666666,5.329771547142857,5.333273007142857,0.0038466120551400424,0.012906988951289437,5.35028094,-0.012760505058547847,MONITORAR
2026-02-08,USD-BRL,USD,BRL,5.35028094,5.36020217,5.40044079,5.32536305,awesomeapi,market_api,-0.00012760505058551086,5.35618941,5.339142988571429,5.332509467142858,0.003336964727836164,0.01403248555392686,5.27648803,-1.3792343024140314,AGUARDAR_QUEDA
2026-02-09,USD-BRL,USD,BRL,5.27648803,5.28046493,5.29598031,5.26213593,awesomeapi,market_api,-0.013792343024140341,5.3259109066666666,5.3374771857142855,5.324777649285714,0.006805612687576462,0.006414186824185721,5.21448689,-1.1750455918309068,AGUARDAR_QUEDA
2026-02-10,USD-BRL,USD,BRL,5.21448689,5.21803361,5.2278904,5.16276656,awesomeapi,market_api,-0.011750455918309033,5.28041862,5.32345155,5.314569671428572,0.007598627591661314,0.012489021714656195,5.15872866,-1.0692946626623787,AGUARDAR_QUEDA
2026-02-11,USD-BRL,USD,BRL,5.15872866,5.16188109,5.17451611,5.11427055,awesomeapi,market_api,-0.01069294662662379,5.2165678600000005,5.298162414285715,5.301349401428571,0.007419456423823541,0.01167837348514474,5.11783749,-0.7926598333628984,AGUARDAR_QUEDA
2026-02-12,USD-BRL,USD,BRL,5.11783749,5.12485077,5.1597799,5.08177058,awesomeapi,market_api,-0.007926598333628965,5.163684346666667,5.2623013285714295,5.286236930714286,0.005639734671242154,0.01524263327087404,5.13804313,0.3948081594908061,COMPRAR_AGORA
2026-02-13,USD-BRL,USD,BRL,5.13804313,5.14741113,5.174563,5.10630543,awesomeapi,market_api,0.003948081594908004,5.138203093333334,5.229546984285714,5.276227745714286,0.0066006483769118236,0.013284740566200756,5.10132373,-0.7146572940503899,AGUARDAR_QUEDA
2026-02-14,USD-BRL,USD,BRL,5.10132373,5.10932835,5.12978474,5.07699802,awesomeapi,market_api,-0.007146572940503915,5.119068116666667,5.193884124285715,5.261827835714286,0.006454773159016675,0.010347651471238875,5.08773186,-0.2664380995871429,MONITORAR
2026-02-15,USD-BRL,USD,BRL,5.08773186,5.09384466,5.104815,5.04513445,awesomeapi,market_api,-0.002664380995871407,5.109032906666666,5.156377112857143,5.247760050714285,0.0060790433486957035,0.011730286037519357,5.40405199,6.217311342347359,COMPRAR_AGORA
2026-02-16,USD-BRL,USD,BRL,5.40405199,5.4088673,5.42149763,5.38259348,awesomeapi,market_api,0.062173113423473536,5.197702526666666,5.174600535714285,5.256038860714286,0.026326067835555297,0.007199070266531701,5.13396136,-4.997928045470198,AGUARDAR_QUEDA
2026-02-17,USD-BRL,USD,BRL,5.13396136,5.14301307,5.15779121,5.09551621,awesomeapi,market_api,-0.04997928045470201,5.208581736666667,5.163096888571429,5.2432742192857145,0.03314810602322435,0.01213000948647569,5.16896924,0.6818882641532038,COMPRAR_AGORA
2026-02-18,USD-BRL,USD,BRL,5.16896924,5.17819385,5.18252205,5.1269962,awesomeapi,market_api,0.006818882641532076,5.235660863333333,5.164559828571429,5.231361121428572,0.03302174772948871,0.010742151369428623,5.13079252,-0.7385751051596517,AGUARDAR_QUEDA
2026-02-19,USD-BRL,USD,BRL,5.13079252,5.13572577,5.14994566,5.09225405,awesomeapi,market_api,-0.007385751051596556,5.144574373333334,5.166410547142858,5.214355937857143,0.03299869788244837,0.011244190790236828,5.12465497,-0.11962187081382988,MONITORAR
2026-02-20,USD-BRL,USD,BRL,5.12465497,5.13421089,5.14699925,5.09108504,awesomeapi,market_api,-0.0011962187081383524,5.141472243333333,5.164497952857142,5.197022468571428,0.032974787033087434,0.01091082430472389,5.08609098,-0.7525187593263494,AGUARDAR_QUEDA
2026-02-21,USD-BRL,USD,BRL,5.08609098,5.09084521,5.11881634,5.05061602,awesomeapi,market_api,-0.007525187593263483,5.113846156666667,5.1623218457142865,5.178102985,0.03298894004238329,0.01340918207483594,5.07423133,-0.23317809387672198,MONITORAR
2026-02-22,USD-BRL,USD,BRL,5.07423133,5.08141392,5.10969194,5.05859946,awesomeapi,market_api,-0.0023317809387671806,5.094992426666667,5.160393198571429,5.158385155714285,0.0329846442681631,0.010069008816750246,5.11326546,0.7692619327231207,COMPRAR_AGORA
2026-02-23,USD-BRL,USD,BRL,5.11326546,5.12114148,5.15109341,5.07511689,awesomeapi,market_api,0.007692619327231309,5.091195923333333,5.118852265714286,5.146726400714286,0.019606608116460984,0.014858708313571369,5.04100365,-1.4132223442199232,AGUARDAR_QUEDA
2026-02-24,USD-BRL,USD,BRL,5.04100365,5.04408423,5.06910578,5.01442606,awesomeapi,market_api,-0.014132223442199221,5.076166813333334,5.1055725928571425,5.134334740714285,0.007925130451734031,0.010846990757485409,5.06239061,0.4242599586294522,COMPRAR_AGORA
2026-02-25,USD-BRL,USD,BRL,5.06239061,5.06558026,5.0815211,5.03440723,awesomeapi,market_api,0.004242599586294471,5.072219906666667,5.090347074285715,5.127453451428572,0.007462205888875975,0.009306644553846381,5.07540477,0.2570753820199583,MONITORAR
2026-02-26,USD-BRL,USD,BRL,5.07540477,5.0835983,5.09518107,5.03156343,awesomeapi,market_api,0.002570753820199556,5.059599676666666,5.0824345385714285,5.124422542857142,0.007424152412773579,0.012534495844752,5.05256405,-0.45002755514216053,AGUARDAR_QUEDA
2026-02-27,USD-BRL,USD,BRL,5.05256405,5.05922686,5.09340582,5.02335797,awesomeapi,market_api,-0.004500275551421629,5.063453143333334,5.072135835714286,5.118316894285714,0.007504317319621676,0.013863822270595443,4.99323941,-1.174149192626263,AGUARDAR_QUEDA
2026-02-28,USD-BRL,USD,BRL,4.99323941,4.99947493,5.02798115,4.9461843,awesomeapi,market_api,-0.011741491926262615,5.040402743333333,5.058871325714286,5.110596585714285,0.008162290503405164,0.016381519747718228,4.99904705,0.11631006493236738,MONITORAR
2026-03-01,USD-BRL,USD,BRL,4.99904705,5.00523447,5.03018742,4.96497367,awesomeapi,market_api,0.0011631006493235674,5.01495017,5.048130714285714,5.104261956428572,0.00828735800976406,0.013045236291584784,4.97929738,-0.39506869614278783,AGUARDAR_QUEDA
2026-03-02,USD-BRL,USD,BRL,4.97929738,4.98729549,4.99211809,4.9487967,awesomeapi,market_api,-0.003950686961427863,4.990527946666666,5.028992417142858,5.07392234142857,0.007073759634373288,0.008700301808445113,4.99188379,0.25277482020967257,MONITORAR
2026-03-03,USD-BRL,USD,BRL,4.99188379,4.9979858,5.03867511,4.9621918,awesomeapi,market_api,0.002527748202096669,4.990076073333333,5.021975294285714,5.063773943571428,0.005666640548877913,0.015321532555147788,4.99555653,0.0735742287782673,MONITORAR
2026-03-04,USD-BRL,USD,BRL,4.99555653,5.00156359,5.04400144,4.96755838,awesomeapi,market_api,0.0007357422877827258,4.9889125666666665,5.012427568571428,5.051387321428571,0.005224022371569524,0.015302210983087382,5.06631919,1.416512045755986,COMPRAR_AGORA
2026-03-05,USD-BRL,USD,BRL,5.06631919,5.07022698,5.08524356,5.05232855,awesomeapi,market_api,0.01416512045755991,5.017919836666667,5.011129628571429,5.046782083571428,0.007982180723290927,0.006496829111155938,5.05879813,-0.1484521546697138,MONITORAR
2026-03-06,USD-BRL,USD,BRL,5.05879813,5.06133184,5.08639673,5.01754899,awesomeapi,market_api,-0.001484521546697093,5.040224616666666,5.012020211428571,5.042078023571428,0.007792331658683248,0.013609505307538301,5.01757029,-0.8149730220604685,AGUARDAR_QUEDA
2026-03-07,USD-BRL,USD,BRL,5.01757029,5.02559941,5.02889592,4.98465572,awesomeapi,market_api,-0.008149730220604723,5.047562536666667,5.015496051428571,5.037183688571429,0.006947217573640767,0.008817056352587728,5.02797595,0.2073844390528704,MONITORAR
2026-03-08,USD-BRL,USD,BRL,5.02797595,5.03165353,5.07588557,5.01118794,awesomeapi,market_api,0.002073844390528601,5.034781456666667,5.019628751428571,5.033879732857144,0.006965506696149391,0.012867529726350323,5.04014351,0.24199717979955662,MONITORAR
2026-03-09,USD-BRL,USD,BRL,5.04014351,5.04740111,5.0633781,5.00419473,awesomeapi,market_api,0.0024199717979955793,5.02856325,5.028321055714286,5.028656736428571,0.006643156180492028,0.01174239778739959,5.10114484,1.2103093866071257,COMPRAR_AGORA
2026-03-10,USD-BRL,USD,BRL,5.10114484,5.1068499,5.14234752,5.08152873,awesomeapi,market_api,0.012103093866071335,5.056421433333333,5.043929777142857,5.032952535714286,0.007726234379208966,0.011922576579888053,5.14016067,0.7648445833974851,COMPRAR_AGORA
2026-03-11,USD-BRL,USD,BRL,5.14016067,5.14971462,5.17101025,5.09878882,awesomeapi,market_api,0.007648445833974948,5.09381634,5.064587511428571,5.0385075399999995,0.007811501901691775,0.014050422668986321,5.15857994,0.3583403551469117,COMPRAR_AGORA
2026-03-12,USD-BRL,USD,BRL,5.15857994,5.16773433,5.2101174,5.13902085,awesomeapi,market_api,0.003583403551469022,5.13329515,5.077767618571428,5.044448623571428,0.006446083340056365,0.013782194097393407,5.22557996,1.2988074388549662,COMPRAR_AGORA
2026-03-13,USD-BRL,USD,BRL,5.22557996,5.23044152,5.24650039,5.20413956,awesomeapi,market_api,0.012988074388549764,5.174773523333333,5.101593594285715,5.056806902857143,0.007195382040801568,0.008106436094033052,5.17565223,-0.9554485890978555,AGUARDAR_QUEDA
2026-03-14,USD-BRL,USD,BRL,5.17565223,5.18276185,5.22714055,5.12429825,awesomeapi,market_api,-0.009554485890978515,5.186604043333333,5.124176728571428,5.06983639,0.007619498638859161,0.019870403850530707,5.15035422,-0.4887888303886331,AGUARDAR_QUEDA
2026-03-15,USD-BRL,USD,BRL,5.15035422,5.156999,5.18698466,5.10462029,awesomeapi,market_api,-0.004887888303886312,5.183862136666666,5.141659338571428,5.080644045,0.008398317217070224,0.015991981615586924,5.11262327,-0.7325894178983164,AGUARDAR_QUEDA
2026-03-16,USD-BRL,USD,BRL,5.11262327,5.12233418,5.13118661,5.08078014,awesomeapi,market_api,-0.007325894178983217,5.146209906666666,5.15201359,5.090167322857143,0.009355033221828924,0.009859218514256073,5.09849513,-0.2763383737444906,MONITORAR
2026-03-17,USD-BRL,USD,BRL,5.09849513,5.1074137,5.12105911,5.07035922,awesomeapi,market_api,-0.002763383737444891,5.120490873333334,5.151635059999999,5.097782418571429,0.008331670169151503,0.00994408912968791,5.04163756,-1.1151833737262002,AGUARDAR_QUEDA
2026-03-18,USD-BRL,USD,BRL,5.04163756,5.0516121,5.09145083,4.99500819,awesomeapi,market_api,-0.011151833737262029,5.084251986666666,5.13756033,5.101073920714286,0.008467562195385837,0.019129229114994185,4.81804771,-4.434865603468722,AGUARDAR_QUEDA
2026-03-19,USD-BRL,USD,BRL,4.81804771,4.82622718,4.83805728,4.79604465,awesomeapi,market_api,-0.044348656034687184,4.986060133333333,5.088912868571428,5.0833402435714286,0.017292637463004332,0.008719845159026109,5.0648388,5.122221797176856,COMPRAR_AGORA
2026-03-20,USD-BRL,USD,BRL,5.0648388,5.07152907,5.09769046,5.0342268,awesomeapi,market_api,0.05122221797176851,4.9748413566666665,5.065949845714286,5.0837717200000005,0.02820400050640902,0.012530242818389409,5.00430459,-1.1951853235684449,AGUARDAR_QUEDA
2026-03-21,USD-BRL,USD,BRL,5.00430459,5.01158588,5.03066018,4.96430322,awesomeapi,market_api,-0.011951853235684484,4.9623970333333345,5.041471611428571,5.08282417,0.02829545812698642,0.01325997624776877,4.96385769,-0.8082421697676891,AGUARDAR_QUEDA
2026-03-22,USD-BRL,USD,BRL,4.96385769,4.96882316,4.98691687,4.94887772,awesomeapi,market_api,-0.008082421697676923,5.01100036,5.01482925,5.078244294285715,0.028329284878763225,0.0076632233185557645,4.97981584,0.3214868555186047,COMPRAR_AGORA
2026-03-23,USD-BRL,USD,BRL,4.97981584,4.98371537,5.02365897,4.95207697,awesomeapi,market_api,0.0032148685551860456,4.982659373333334,4.995856760000001,5.073935175000001,0.02845959285791374,0.014374427147490532,5.01803132,0.7674074951334093,COMPRAR_AGORA
2026-03-24,USD-BRL,USD,BRL,5.01803132,5.02225551,5.05855056,4.9857561,awesomeapi,market_api,0.007674074951333987,4.98723495,4.9843619299999995,5.067998494999999,0.02877075937297748,0.01450657745197172,5.10595833,1.7522212276666216,COMPRAR_AGORA
2026-03-25,USD-BRL,USD,BRL,5.10595833,5.10867334,5.12909288,5.08851632,awesomeapi,market_api,0.017522212276666282,5.03460183,4.993550611428572,5.065555470714286,0.0292737676311962,0.007946903867505685,5.23523012,2.531783098198527,COMPRAR_AGORA
2026-03-26,USD-BRL,USD,BRL,5.23523012,5.24299821,5.25721939,5.22203957,awesomeapi,market_api,0.025317830981985256,5.119739923333333,5.0531480985714285,5.071030483571429,0.02167567308145777,0.0067198230438055015,5.25655049,0.40724800078130363,COMPRAR_AGORA
2026-03-27,USD-BRL,USD,BRL,5.25655049,5.25961192,5.29152663,5.24512387,awesomeapi,market_api,0.0040724800078131285,5.199246313333334,5.080535482857143,5.073242664285714,0.01315445994667053,0.008827606638284248,5.21522836,-0.7861073545971052,AGUARDAR_QUEDA
2026-03-28,USD-BRL,USD,BRL,5.21522836,5.22447594,5.23214227,5.17949085,awesomeapi,market_api,-0.007861073545971098,5.2356696566666665,5.11066745,5.076069530714285,0.012319739350708308,0.010095707486910528,5.12358432,-1.7572392553870881,AGUARDAR_QUEDA
2026-03-29,USD-BRL,USD,BRL,5.12358432,5.1295637,5.15198338,5.11039428,awesomeapi,market_api,-0.017572392553870886,5.19845439,5.133485540000001,5.074157395,0.014461144534222611,0.008117188554437509,5.13806125,0.28255473308966317,MONITORAR
2026-03-30,USD-BRL,USD,BRL,5.13806125,5.14681716,5.18504584,5.12733229,awesomeapi,market_api,0.0028255473308966828,5.158957976666667,5.156092027142857,5.075974393571428,0.014468214213031134,0.011232553913209948,5.10538318,-0.6360000087581718,AGUARDAR_QUEDA
2026-03-31,USD-BRL,USD,BRL,5.10538318,5.10930364,5.15251216,5.07272941,awesomeapi,market_api,-0.006360000087581752,5.122342916666667,5.168570864285714,5.076466397142857,0.01493108110201299,0.015627181582088357,5.0901664,-0.298053632087991,MONITORAR
2026-04-01,USD-BRL,USD,BRL,5.0901664,5.09385707,5.10860463,5.05311055,awesomeapi,market_api,-0.002980536320879912,5.11120361,5.166314874285715,5.079932742857143,0.01344460957864369,0.010902213334322407,5.06648276,-0.46528223517407574,AGUARDAR_QUEDA
2026-04-02,USD-BRL,USD,BRL,5.06648276,5.07452441,5.10091161,5.01771691,awesomeapi,market_api,-0.004652822351740804,5.087344113333334,5.142208108571429,5.097678103571428,0.007245410513301037,0.016420602603609755,5.06320615,-0.06467228164416661,MONITORAR
2026-04-03,USD-BRL,USD,BRL,5.06320615,5.06949007,5.08549527,5.03374911,awesomeapi,market_api,-0.000646722816441625,5.073285103333333,5.114587488571429,5.0975614857142855,0.006477749691227792,0.0102200381471729,5.11186777,0.9610831271406923,COMPRAR_AGORA
2026-04-04,USD-BRL,USD,BRL,5.11186777,5.11718156,5.13126898,5.09976437,awesomeapi,market_api,0.009610831271406939,5.080518893333333,5.09982169,5.105244570000001,0.00841299010182435,0.006163033047312142,5.1215032,0.1884913779763191,MONITORAR
2026-04-05,USD-BRL,USD,BRL,5.1215032,5.12676973,5.16089408,5.11050476,awesomeapi,market_api,0.0018849137797631865,5.09885904,5.099524387142857,5.116504963571429,0.0054050960743444966,0.009838775459517403,5.11741421,-0.07983964551658417,MONITORAR
2026-04-06,USD-BRL,USD,BRL,5.11741421,5.1233441,5.15401434,5.08218985,awesomeapi,market_api,-0.000798396455165884,5.116928393333333,5.09657481,5.126333418571428,0.005255756906023334,0.014035309055039346,5.0751799,-0.8253056771810455,AGUARDAR_QUEDA
2026-04-07,USD-BRL,USD,BRL,5.0751799,5.08362993,5.11823852,5.03613326,awesomeapi,market_api,-0.00825305677181043,5.104699103333334,5.092260055714285,5.13041546,0.0056385098179431705,0.01617780287946059,5.00572705,-1.3684805537632316,AGUARDAR_QUEDA
2026-04-08,USD-BRL,USD,BRL,5.00572705,5.00900178,5.03476117,4.97155171,awesomeapi,market_api,-0.013684805537632294,5.066107053333334,5.080197291428571,5.123256082857142,0.007471393601629793,0.012627428417216712,4.98778844,-0.35836172889210677,AGUARDAR_QUEDA
2026-04-09,USD-BRL,USD,BRL,4.98778844,4.99211958,4.99946193,4.96889109,awesomeapi,market_api,-0.0035836172889210927,5.022898463333333,5.068955245714285,5.105581677142857,0.007427576461597545,0.006129137265493203,4.98825155,0.009284876565456329,MONITORAR
2026-04-10,USD-BRL,USD,BRL,4.98825155,4.99414937,5.01474636,4.97122497,awesomeapi,market_api,9.284876565462952e-05,4.993922346666667,5.058247445714286,5.086417467142858,0.007458716062896085,0.008724778524852147,5.06595556,1.5577404070570522,COMPRAR_AGORA
2026-04-11,USD-BRL,USD,BRL,5.06595556,5.07475322,5.11360337,5.04766347,awesomeapi,market_api,0.01557740407057051,5.013998516666667,5.051688558571429,5.075755124285714,0.009166145431053697,0.013016280782376238,5.07435154,0.1657333922605593,MONITORAR
2026-04-12,USD-BRL,USD,BRL,5.07435154,5.08396418,5.0852253,5.02665416,awesomeapi,market_api,0.001657333922605586,5.042852883333334,5.044952607142858,5.072238497142857,0.009153559263292628,0.011542586188264092,5.11952994,0.8903285403832956,COMPRAR_AGORA
2026-04-13,USD-BRL,USD,BRL,5.11952994,5.12939985,5.1302626,5.07804048,awesomeapi,market_api,0.008903285403832895,5.086612346666667,5.045254854285715,5.070914832142856,0.009940126220052648,0.010200569312423967,5.10061833,-0.3694012970261088,AGUARDAR_QUEDA
2026-04-14,USD-BRL,USD,BRL,5.10061833,5.11059158,5.14778486,5.05080732,awesomeapi,market_api,-0.0036940129702610625,5.0981666033333335,5.0488889157142856,5.070574485714286,0.009438185996075528,0.019012898775353015,5.05205013,-0.9522022009437445,AGUARDAR_QUEDA
2026-04-15,USD-BRL,USD,BRL,5.05205013,5.05874655,5.06531302,5.00760061,awesomeapi,market_api,-0.009522022009437414,5.090732799999999,5.055506498571428,5.0678518949999996,0.008457043306536561,0.011423562418213715,5.0133843,-0.7653492939508767,AGUARDAR_QUEDA
2026-04-16,USD-BRL,USD,BRL,5.0133843,5.02050703,5.04806636,4.98662271,awesomeapi,market_api,-0.007653492939508788,5.0553509199999995,5.05916305,5.064059147857143,0.00897648489935049,0.012255922610999555,4.98523705,-0.561442098105265,AGUARDAR_QUEDA
2026-04-17,USD-BRL,USD,BRL,4.98523705,4.99200582,5.00133258,4.94576314,awesomeapi,market_api,-0.005614420981052692,5.0168904933333325,5.058732407142856,5.058489926428572,0.009301128797707298,0.011146799930005195,5.0781718,1.8641992159630503,COMPRAR_AGORA
2026-04-18,USD-BRL,USD,BRL,5.0781718,5.08128232,5.11797576,5.03352539,awesomeapi,market_api,0.018641992159630583,5.025597716666667,5.060477584285714,5.056083071428572,0.010189010054250927,0.016630073444935417,5.04551008,-0.6431787124649881,AGUARDAR_QUEDA
2026-04-19,USD-BRL,USD,BRL,5.04551008,5.05160861,5.07617994,5.02281682,awesomeapi,market_api,-0.006431787124649868,5.03630631,5.056357375714286,5.050654991428571,0.01047578397857947,0.010576357821883533,5.08424526,0.7677158381576487,COMPRAR_AGORA
2026-04-20,USD-BRL,USD,BRL,5.08424526,5.09418083,5.12423283,5.05906855,awesomeapi,market_api,0.007677158381576454,5.069309046666667,5.051316707142858,5.048285780714286,0.010295843904268315,0.012816903329325283,5.04802062,-0.7124880517664162,AGUARDAR_QUEDA
2026-04-21,USD-BRL,USD,BRL,5.04802062,5.05186828,5.0669842,5.01918947,awesomeapi,market_api,-0.007124880517664134,5.059258653333333,5.043802748571429,5.046345832142857,0.010527715497633778,0.009468014019324778,5.09076913,0.8468370717550678,COMPRAR_AGORA
2026-04-22,USD-BRL,USD,BRL,5.09076913,5.10051211,5.13084963,5.07182154,awesomeapi,market_api,0.008468370717550577,5.074345003333334,5.049334034285714,5.052420266428571,0.010419109656100265,0.011595122169682831,5.11022647,0.3822082577922713,COMPRAR_AGORA
2026-04-23,USD-BRL,USD,BRL,5.11022647,5.11937042,5.13590845,5.06518608,awesomeapi,market_api,0.003822082577922714,5.083005406666667,5.06316863,5.06116584,0.009682100071522304,0.013839380781885286,5.10623323,-0.0781421336890337,MONITORAR
2026-04-24,USD-BRL,USD,BRL,5.10623323,5.11063761,5.1417179,5.0581664,awesomeapi,market_api,-0.0007814213368902978,5.10240961,5.080453798571428,5.069593102857143,0.009141194448996385,0.0163626485976238,5.10727244,0.020351792665766425,MONITORAR
2026-04-25,USD-BRL,USD,BRL,5.10727244,5.11180178,5.14579871,5.0567181,awesomeapi,market_api,0.00020351792665773694,5.107910713333333,5.0846110328571426,5.0725443085714295,0.006234094457669268,0.01744191465141419,5.08165592,-0.5015694835343424,AGUARDAR_QUEDA
2026-04-26,USD-BRL,USD,BRL,5.08165592,5.08534468,5.09541307,5.04408438,awesomeapi,market_api,-0.005015694835343476,5.098387196666667,5.089774724285713,5.0730660499999995,0.005976710382963062,0.010100780298403216,5.10371851,0.43416142980416494,COMPRAR_AGORA
2026-04-27,USD-BRL,USD,BRL,5.10371851,5.10887124,5.11683484,5.07410446,awesomeapi,market_api,0.004341614298041696,5.0975489566666665,5.092556617142857,5.071936662142858,0.005470471690783891,0.008372401400327242,5.08678764,-0.33173596793841154,AGUARDAR_QUEDA
2026-04-28,USD-BRL,USD,BRL,5.08678764,5.09508244,5.10856407,5.06297956,awesomeapi,market_api,-0.0033173596793840687,5.09072069,5.098094762857143,5.070948755714285,0.004716439978074029,0.008961355029163415,5.036593,-0.9867649989021353,AGUARDAR_QUEDA
2026-04-29,USD-BRL,USD,BRL,5.036593,5.04550047,5.06762131,4.99256383,awesomeapi,market_api,-0.009867649989021343,5.075699716666667,5.090355315714286,5.069844675,0.005025699545822871,0.014902431067985819,4.98465329,-1.0312469163182352,AGUARDAR_QUEDA
2026-04-30,USD-BRL,USD,BRL,4.98465329,4.99048326,5.0326246,4.9487321,awesomeapi,market_api,-0.010312469163182403,5.03601131,5.07241629,5.067792460000001,0.005352197840493489,0.01683015750930997,4.99470732,0.2016996853155267,MONITORAR
2026-05-01,USD-BRL,USD,BRL,4.99470732,4.998073,5.04006298,4.96516802,awesomeapi,market_api,0.002016996853155373,5.00531787,5.056484017142857,5.0684689078571425,0.005686291076543866,0.01499486460399845,5.06449475,1.3972276157314434,COMPRAR_AGORA
2026-05-02,USD-BRL,USD,BRL,5.06449475,5.06810299,5.08081013,5.02650967,awesomeapi,market_api,0.013972276157314445,5.014618453333333,5.050372918571428,5.067491975714286,0.008645400896114553,0.01072179213928486,5.07416758,0.19099299095927408,MONITORAR
2026-05-03,USD-BRL,USD,BRL,5.07416758,5.07706522,5.09594971,5.0583448,awesomeapi,market_api,0.0019099299095928224,5.04445655,5.049303155714285,5.06953894,0.008527280108679286,0.007411050070206741,5.07184145,-0.045842593160869714,MONITORAR
